L,P,acc,f1,model
5.0,0.01,0.865,0.9276139410187667,RGCN_GAE
,0.01,0.755,0.8603988603988604,GCN_GAE
